first_name,last_name,email
John,Doe,john.doe@example.com
Jane,Smith,jane.smith@example.com
Michael,Johnson,michael.johnson@example.com
Emily,Williams,emily.williams@example.com
David,Brown,david.brown@example.com
Emma,Jones,emma.jones@example.com
Chris,Davis,chris.davis@example.com
Sophia,Miller,sophia.miller@example.com
James,Wilson,james.wilson@example.com
Olivia,Moore,olivia.moore@example.com
William,Taylor,william.taylor@example.com
Ava,Anderson,ava.anderson@example.com
Liam,Thomas,liam.thomas@example.com
Mia,Jackson,mia.jackson@example.com
Noah,White,noah.white@example.com
Isabella,Harris,isabella.harris@example.com
Lucas,Martin,lucas.martin@example.com
Amelia,Thompson,amelia.thompson@example.com
Ethan,Garcia,ethan.garcia@example.com
Harper,Martinez,harper.martinez@example.com
